Algeria,,,
China,p,P,,3:Good eye contact. Not really on topic. Eye contact getting worse. Really struggling.,2:Good handoff. Could look up slightly more.,2:Discussed both. Looking up.,1:Good job saying your position and wish to divide the question.,1:Good job saying your position. Try to avoid right of reply.,3:Testing
Denmark,,P,1:testing,4:Set your position clearly,5:Hand motions could be better from one of you.,3:Handoff could be slightly better. Look around the room.,5:Good transition. A bit of a stutter.,4:Good transition. Improving on hand guestures.,4:"Many" for two?,1:Good handoff. Looking up. Second handoff could have been slightly better. Summarizing directives well.,5:Good transition.,5:Good job continuing from the US's speech. Good transition.,4:Good transition.  Stuttering a little.
France,p,P,1:,3:Don't just read from the paper. Hand motions shouldn't just imply pace.,4:Could look up more.,3:How is environmental related? Look up.,3:Look up more. Stuttering.,4:Good job explaining your position. Can look up more.
Greece,,V,,4:Look at committee`c not just paper. If using paper`c why not copy the initial.,3:A little monotonic.,4:Look up. Bonding from funds? Meandering. Your economy is already struggling heavily.,4:Look up and around the room.
Guyana,,P,,3:Swapping constantly isn't helpful. Make sure to look at the committee`c not just your paper.,3:Don't just read.,2:Look up. Troubleshoot? That's to find issues`c not solve them.,5:Good job looking up. Reading the directive isn't useful.
Iran,o,,
Pakistan,,V,,4:Both should stand up always. Great eye contact`c maybe look at people other than just me.,4:See past speech. Mentioning past speeches is good. Avoid "like.",5:Both are speaking. Look around the room.,4:Good job both speaking,4:Don't say "we." Referring to previous is good. Transition a little too often
Panama,,P,2:Sounds like you're trying to convince your co.,3:Look at committee`c not just paper.,2:Both of you should speak. Look around the room`c not just at the dias. Why 21?,3:Both should speak. "Honorable chairs." Look up and around the room.,4:Good defense. Good transition.,4:Use personal pronouns. Bad transition`c good recovery.,4:Look up more. Close your jacket. Listing straits isn't useful. Speaking in first person as Egypt isn't useful.,4:The problem is your de escalations are toothless.
Philippines,o,,
Russia,p,P,,4:Look at committee`c or hold up the paper. No point in repeating the Russian intro twice.,3:Only discussed yours.,4:Unclear position.,4:Look up more. You call on people to support your cause but don't say which directive.
Sierra Leone,,V,,3:Unbulance in confidence. One is great (looking at committee)`c the other looks at paper.,3:Eyesight is getting worse.,4:Can look up more.,4:Using I. Good job reemphasizing.,4:Transition could be better.,4:Reading isn't useful. You can tell delegates which clause to look at.
Slovenia,,V,,4:Try to look up1c don't chain yourself to the prepared.
Somalia,,P,,3:Good eye contact from one. Feels like one wrote and one is reading.,4:Both should speak. Why is the ICJ relevant?,1:Good handoff`c could raed slightly less. Good answer to US question (emphasizing benefits).,2:Stuttering. Correcting your co-del. Is any shipping informal? This is opt-in.,3:Good job looking up and hand gestures. Letting your co start. Could have jumped in a little sooner.,4:Good transition`c could have been a little earlier.
South Korea,,,
United Kingdom,p,P,,4:Look up and around the room more. Not just us/timer.,5:Sorry for pre-empting you. Good job emphasizing the need.,4:Good responses`c calling back to history.,4:Stutter. Reduce how? Explicit is good`c but how do you know?,3:Stuttering. How will delegates prove it's effective?,5:Good eyesight`c could be slightly better.,4:Don't attack countries.,4:Just say "by the committee" instead of specific countries. Could pick up the pace a little.
United States,p,P,,3:Hold up the paper`c or rely on looking down less.,2:Both delegates should speak together. Good hand motions`c holding up keys isn't useful. Pointing at delegates is good.,3:Both should speak. Great eyesight. Should use hand gestures more.,3:Good handoff`c eyesight. Could use transitions when struggling.,2:Only discussed the other directive.,5:Good job pointing out the absurdity. Good transition`c pointing out the goods.,5:Good gestures. Stattering a little. Good transition.,4:Good job explaining your directive. I don't believe any laser system is operational. Good transition.,3:Reading directive isn't useful.,4:References is nice`c but it's begging to get annoying. Good job pointing it's out of scope. Could have gone in.,4:Can loop up more.,5:Good job emphasizing your position. Declining to give response is a nice move.
Vietnam,o,,
Yemen,o,,